workload_kernel,master_cycles,updated_cycles,cycle_change_pct,energy_change_pct,data_equal,updated_violations
OPT-2.7B_128_1024_32/prompt/createQKV,8449,7155,-15.315421943425257,-6.216811032366188,True,{}
OPT-6.7B_128_1024_32/prompt/createQKV,13505,11522,-14.683450573861535,-5.058954951281458,True,{}
OPT-13B_128_1024_32/prompt/createQKV,16973,14542,-14.32274789371355,-4.616893212433649,True,{}
OPT-66B_128_1024_32/prompt/createQKV,30551,26242,-14.10428463880069,-3.9656944294612306,True,{}
OPT-2.7B_1024_128_128/prompt/createQKV,33610,32895,-2.1273430526629,-0.06859087337011127,True,{}
OPT-6.7B_1024_128_128/prompt/createQKV,53110,51912,-2.2556957258520027,-0.0895729020943481,True,{}
OPT-13B_1024_128_128/prompt/createQKV,66002,64481,-2.304475621950852,-0.09956470110357163,True,{}
OPT-2.7B_128_1024_32/prompt/QK,429,435,1.3986013986013957,0.30063291139239556,True,{}
OPT-6.7B_128_1024_32/prompt/QK,429,435,1.3986013986013957,0.30063291139239556,True,{}
OPT-13B_128_1024_32/prompt/QK,429,435,1.3986013986013957,0.30063291139239556,True,{}
OPT-66B_128_1024_32/prompt/QK,429,435,1.3986013986013957,0.30063291139239556,True,{}
OPT-2.7B_1024_128_128/prompt/QK,23966,24060,0.3922223149461779,0.22159134634136546,True,{}
OPT-6.7B_1024_128_128/prompt/QK,23966,24060,0.3922223149461779,0.22159134634136546,True,{}
OPT-66B_1024_128_128/prompt/createQKV,118219,115100,-2.6383237889002653,-0.3625016768393108,True,{}
OPT-13B_1024_128_128/prompt/QK,23966,24060,0.3922223149461779,0.22159134634136546,True,{}
OPT-2.7B_128_1024_32/prompt/SV,429,435,1.3986013986013957,0.30063291139239556,True,{}
OPT-6.7B_128_1024_32/prompt/SV,429,435,1.3986013986013957,0.30063291139239556,True,{}
OPT-13B_128_1024_32/prompt/SV,429,435,1.3986013986013957,0.30063291139239556,True,{}
OPT-66B_128_1024_32/prompt/SV,429,435,1.3986013986013957,0.30063291139239556,True,{}
OPT-66B_1024_128_128/prompt/QK,23966,24060,0.3922223149461779,0.22159134634136546,True,{}
OPT-2.7B_1024_128_128/prompt/SV,14110,13900,-1.4883061658398256,0.048856928817264667,True,{}
OPT-6.7B_1024_128_128/prompt/SV,14110,13900,-1.4883061658398256,0.048856928817264667,True,{}
OPT-13B_1024_128_128/prompt/SV,14110,13900,-1.4883061658398256,0.048856928817264667,True,{}
OPT-2.7B_128_1024_32/prompt/Wo,9088,9271,2.013644366197176,0.4567290921232203,True,{}
OPT-66B_1024_128_128/prompt/SV,14110,13900,-1.4883061658398256,0.048856928817264667,True,{}
OPT-6.7B_128_1024_32/prompt/Wo,14480,14767,1.9820441988950277,0.4483947499210661,True,{}
OPT-13B_128_1024_32/prompt/Wo,18172,18538,2.014087607307946,0.4567473013784573,True,{}
OPT-66B_128_1024_32/prompt/Wo,32940,33625,2.0795385549484013,0.4737214267633627,True,{}
OPT-2.7B_1024_128_128/prompt/Wo,59788,60275,0.8145447246939108,0.3694065868788954,True,{}
OPT-6.7B_1024_128_128/prompt/Wo,95545,96454,0.9513841645298005,0.42909725756044015,True,{}
OPT-13B_1024_128_128/prompt/Wo,119491,120573,0.9055075277635938,0.4190852711182691,True,{}
OPT-2.7B_128_1024_32/prompt/L1,25538,22005,-13.834286161798104,-4.102478606466398,True,{}
OPT-6.7B_128_1024_32/prompt/L1,54483,47283,-13.215131325367546,-3.3852700477193576,True,{}
OPT-13B_128_1024_32/prompt/L1,51279,44175,-13.853624290645294,-4.073235013738574,True,{}
OPT-66B_1024_128_128/prompt/Wo,215269,217436,1.006647496852775,0.46706131028708686,True,{}
OPT-66B_128_1024_32/prompt/L1,92161,79287,-13.969032454074936,-3.968805386383556,True,{}
OPT-2.7B_1024_128_128/prompt/L1,101102,99030,-2.049415441831026,-0.05251984963752232,True,{}
OPT-6.7B_1024_128_128/prompt/L1,213010,207884,-2.4064597906201635,-0.24029778267230517,True,{}
OPT-13B_1024_128_128/prompt/L1,198602,193736,-2.4501263834201037,-0.2366537281821457,True,{}
OPT-2.7B_128_1024_32/prompt/L2,26153,24035,-8.098497304324548,-1.6230838593327301,True,{}
OPT-6.7B_128_1024_32/prompt/L2,55681,49606,-10.910364397191142,-3.2114591141864546,True,{}
OPT-13B_128_1024_32/prompt/L2,52565,48033,-8.62170645867022,-2.15850015811343,True,{}
OPT-66B_128_1024_32/prompt/L2,94284,86490,-8.266513936617025,-1.9660215111583113,True,{}
OPT-66B_1024_128_128/prompt/L1,354602,345553,-2.551875059926345,-0.2831840782029582,True,{}
OPT-2.7B_1024_128_128/prompt/L2,124567,123418,-0.9223951768927541,0.1129046773626019,True,{}
OPT-6.7B_1024_128_128/prompt/L2,250529,248236,-0.9152633028511659,0.1730492758804436,True,{}
OPT-13B_1024_128_128/prompt/L2,249367,247203,-0.8677972626690789,0.1396456847041705,True,{}
OPT-2.7B_128_1024_32/decode/createQKV,1221,1176,-3.6855036855036882,-0.4773143114741085,True,{}
OPT-6.7B_128_1024_32/decode/createQKV,1652,1592,-3.6319612590799077,-0.3974115262589617,True,{}
OPT-13B_128_1024_32/decode/createQKV,2060,1985,-3.6407766990291246,-0.3977830226205903,True,{}
OPT-66B_128_1024_32/decode/createQKV,3692,3557,-3.6565547128927456,-0.3984451783706211,True,{}
OPT-2.7B_1024_128_128/decode/createQKV,1221,1176,-3.6855036855036882,-0.4773143114741085,True,{}
OPT-6.7B_1024_128_128/decode/createQKV,1652,1592,-3.6319612590799077,-0.3974115262589617,True,{}
OPT-13B_1024_128_128/decode/createQKV,2060,1985,-3.6407766990291246,-0.3977830226205903,True,{}
OPT-66B_1024_128_128/decode/createQKV,3692,3557,-3.6565547128927456,-0.3984451783706211,True,{}
OPT-2.7B_128_1024_32/decode/Wo,789,773,-2.0278833967046883,-0.1805818120256153,True,{}
OPT-6.7B_128_1024_32/decode/Wo,1126,1110,-1.4209591474245165,-0.11937002469467606,True,{}
OPT-13B_128_1024_32/decode/Wo,1391,1375,-1.1502516175413424,-0.0957754066713612,True,{}
OPT-66B_128_1024_32/decode/Wo,2499,2483,-0.6402561024409725,-0.05331964795702859,True,{}
OPT-2.7B_1024_128_128/decode/Wo,789,773,-2.0278833967046883,-0.1805818120256153,True,{}
OPT-6.7B_1024_128_128/decode/Wo,1126,1110,-1.4209591474245165,-0.11937002469467606,True,{}
OPT-13B_1024_128_128/decode/Wo,1391,1375,-1.1502516175413424,-0.0957754066713612,True,{}
OPT-66B_1024_128_128/decode/Wo,2499,2483,-0.6402561024409725,-0.05331964795702859,True,{}
OPT-2.7B_128_1024_32/decode/L1,2548,2503,-1.7660910518053408,-0.16548528560001996,True,{}
OPT-6.7B_128_1024_32/decode/L1,4928,4957,0.5884740259740173,1.0112051363717178,True,{}
OPT-13B_128_1024_32/decode/L1,4628,4583,-0.9723422644770996,-0.07118526095989397,True,{}
OPT-66B_128_1024_32/decode/L1,7572,7548,-0.31695721077654726,0.6567200304948395,True,{}
OPT-2.7B_1024_128_128/decode/L1,2548,2503,-1.7660910518053408,-0.16548528560001996,True,{}
OPT-6.7B_1024_128_128/decode/L1,4928,4957,0.5884740259740173,1.0112051363717178,True,{}
OPT-13B_1024_128_128/decode/L1,4628,4583,-0.9723422644770996,-0.07118526095989397,True,{}
OPT-66B_1024_128_128/decode/L1,7572,7548,-0.31695721077654726,0.6567200304948395,True,{}
OPT-2.7B_128_1024_32/decode/L2,2251,2203,-2.132385606397158,-0.18332330783993322,True,{}
OPT-6.7B_128_1024_32/decode/L2,4537,4517,-0.4408199250606093,-0.04014457552731221,True,{}
OPT-13B_128_1024_32/decode/L2,4253,4250,-0.07053844345168425,0.11006436426133082,True,{}
OPT-2.7B_1024_128_128/decode/L2,2251,2203,-2.132385606397158,-0.18332330783993322,True,{}
OPT-66B_128_1024_32/decode/L2,7453,7430,-0.30860056353146925,0.16692332333723137,True,{}
OPT-6.7B_1024_128_128/decode/L2,4537,4517,-0.4408199250606093,-0.04014457552731221,True,{}
OPT-13B_1024_128_128/decode/L2,4253,4250,-0.07053844345168425,0.11006436426133082,True,{}
OPT-2.7B_128_1024_32/decode/WS/createQKV,6052,4936,-18.440185062789162,-6.26873037005814,True,{}
OPT-6.7B_128_1024_32/decode/WS/createQKV,9269,7134,-23.03376847556371,-10.906815556411242,True,{}
OPT-66B_1024_128_128/decode/L2,7453,7430,-0.30860056353146925,0.16692332333723137,True,{}
OPT-13B_128_1024_32/decode/WS/createQKV,11451,9125,-20.312636450964984,-7.133681668201241,True,{}
OPT-66B_128_1024_32/decode/WS/createQKV,19976,15969,-20.05907088506207,-7.927491691956656,True,{}
OPT-2.7B_1024_128_128/decode/WS/createQKV,8449,7155,-15.315421943425257,-6.216811032366188,True,{}
OPT-6.7B_1024_128_128/decode/WS/createQKV,10949,9153,-16.403324504520967,-4.895654620379208,True,{}
OPT-13B_1024_128_128/decode/WS/createQKV,13849,11281,-18.542855079789156,-7.343891837162209,True,{}
OPT-2.7B_128_1024_32/decode/WS/Wo,6198,5134,-17.16682800903517,-3.2290313760339084,True,{}
OPT-66B_1024_128_128/decode/WS/createQKV,22223,17813,-19.844305449309275,-7.88158492551233,True,{}
OPT-6.7B_128_1024_32/decode/WS/Wo,9439,7509,-20.447081258607902,-6.702289986042443,True,{}
OPT-13B_128_1024_32/decode/WS/Wo,11989,9629,-19.684710985069643,-5.890632878298385,True,{}
OPT-66B_128_1024_32/decode/WS/Wo,21318,16813,-21.13237639553429,-6.066469289331733,True,{}
OPT-2.7B_1024_128_128/decode/WS/Wo,9088,9271,2.013644366197176,0.4567290921232203,True,{}
OPT-6.7B_1024_128_128/decode/WS/Wo,11108,10332,-6.98595606769895,-0.9471941443011556,True,{}
OPT-13B_1024_128_128/decode/WS/Wo,14014,13080,-6.664763807620955,-0.8169370215823313,True,{}
OPT-2.7B_128_1024_32/decode/WS/L1,18431,14723,-20.118278986490157,-8.119324153170393,True,{}
OPT-66B_1024_128_128/decode/WS/Wo,23002,18605,-19.115729067037645,-4.705440385581627,True,{}
OPT-6.7B_128_1024_32/decode/WS/L1,37381,29243,-21.770418126855883,-8.959078250814912,True,{}
OPT-13B_128_1024_32/decode/WS/L1,34907,27604,-20.921305182341655,-7.9814270406901695,True,{}
OPT-2.7B_1024_128_128/decode/WS/L1,25538,22005,-13.834286161798104,-4.102478606466398,True,{}
OPT-66B_128_1024_32/decode/WS/L1,60028,47981,-20.068967815019654,-7.923731256900856,True,{}
OPT-6.7B_1024_128_128/decode/WS/L1,44900,36985,-17.628062360801778,-6.26972207918276,True,{}
OPT-13B_1024_128_128/decode/WS/L1,42000,34584,-17.65714285714286,-6.326374268837432,True,{}
OPT-2.7B_128_1024_32/decode/WS/L2,18462,14905,-19.266601668291628,-6.899862299879556,True,{}
OPT-66B_1024_128_128/decode/WS/L1,67273,53979,-19.761271238089574,-7.806209443592693,True,{}
OPT-6.7B_128_1024_32/decode/WS/L2,37664,29646,-21.288232795242145,-8.384769137037807,True,{}
OPT-13B_128_1024_32/decode/WS/L2,35735,28145,-21.239680985028684,-8.041974863190815,True,{}
OPT-66B_128_1024_32/decode/WS/L2,62069,48714,-21.51637693534615,-8.049775640848022,True,{}
OPT-2.7B_1024_128_128/decode/WS/L2,26153,24035,-8.098497304324548,-1.6230838593327301,True,{}
OPT-6.7B_1024_128_128/decode/WS/L2,44944,37978,-15.499288002847988,-5.220924475922805,True,{}
OPT-13B_1024_128_128/decode/WS/L2,42178,36261,-14.02864052349566,-3.927498688767783,True,{}
OPT-2.7B_128_1024_32/decode/QKV/QK_0128,581,566,-2.5817555938037917,-0.22217778666488996,True,{}
OPT-6.7B_128_1024_32/decode/QKV/QK_0128,581,566,-2.5817555938037917,-0.22217778666488996,True,{}
OPT-13B_128_1024_32/decode/QKV/QK_0128,581,566,-2.5817555938037917,-0.22217778666488996,True,{}
OPT-66B_128_1024_32/decode/QKV/QK_0128,581,566,-2.5817555938037917,-0.22217778666488996,True,{}
OPT-2.7B_1024_128_128/decode/QKV/QK_1024,4482,4466,-0.35698348951360703,-0.030090081895550735,True,{}
OPT-66B_1024_128_128/decode/WS/L2,67304,54289,-19.33763223582551,-7.073514300506423,True,{}
OPT-6.7B_1024_128_128/decode/QKV/QK_1024,4482,4466,-0.35698348951360703,-0.030090081895550735,True,{}
OPT-13B_1024_128_128/decode/QKV/QK_1024,4482,4466,-0.35698348951360703,-0.030090081895550735,True,{}
OPT-2.7B_128_1024_32/decode/QKV/SV_0128,488,471,-3.4836065573770503,-0.34663811999796623,True,{}
OPT-6.7B_128_1024_32/decode/QKV/SV_0128,596,579,-2.8523489932885893,-0.25124328478426383,True,{}
OPT-13B_128_1024_32/decode/QKV/SV_0128,596,579,-2.8523489932885893,-0.25124328478426383,True,{}
OPT-66B_1024_128_128/decode/QKV/QK_1024,4482,4466,-0.35698348951360703,-0.030090081895550735,True,{}
OPT-66B_128_1024_32/decode/QKV/SV_0128,596,579,-2.8523489932885893,-0.25124328478426383,True,{}
OPT-2.7B_1024_128_128/decode/QKV/SV_1024,3638,3502,-3.738317757009346,-0.35495005252478284,True,{}
OPT-6.7B_1024_128_128/decode/QKV/SV_1024,4703,4709,0.1275781416117283,1.333322888548305,True,{}
OPT-13B_1024_128_128/decode/QKV/SV_1024,4703,4709,0.1275781416117283,1.333322888548305,True,{}
OPT-66B_1024_128_128/decode/QKV/SV_1024,4703,4709,0.1275781416117283,1.333322888548305,True,{}
OPT-2.7B_128_1024_32/decode/QKV/QK_0640,2581,2566,-0.581170089112748,-0.045783702528023884,True,{}
OPT-6.7B_128_1024_32/decode/QKV/QK_0640,2581,2566,-0.581170089112748,-0.045783702528023884,True,{}
OPT-13B_128_1024_32/decode/QKV/QK_0640,2581,2566,-0.581170089112748,-0.045783702528023884,True,{}
OPT-66B_128_1024_32/decode/QKV/QK_0640,2581,2566,-0.581170089112748,-0.045783702528023884,True,{}
OPT-2.7B_1024_128_128/decode/QKV/QK_1088,4731,4715,-0.3381948848023675,-0.028395309528383983,True,{}
OPT-6.7B_1024_128_128/decode/QKV/QK_1088,4731,4715,-0.3381948848023675,-0.028395309528383983,True,{}
OPT-13B_1024_128_128/decode/QKV/QK_1088,4731,4715,-0.3381948848023675,-0.028395309528383983,True,{}
OPT-66B_1024_128_128/decode/QKV/QK_1088,4731,4715,-0.3381948848023675,-0.028395309528383983,True,{}
OPT-2.7B_128_1024_32/decode/QKV/SV_0640,2288,2203,-3.715034965034969,-0.35422201385633123,True,{}
OPT-6.7B_128_1024_32/decode/QKV/SV_0640,2780,2695,-3.0575539568345356,-0.25645087080156115,True,{}
OPT-13B_128_1024_32/decode/QKV/SV_0640,2780,2695,-3.0575539568345356,-0.25645087080156115,True,{}
OPT-66B_128_1024_32/decode/QKV/SV_0640,2780,2695,-3.0575539568345356,-0.25645087080156115,True,{}
OPT-2.7B_1024_128_128/decode/QKV/SV_1088,4348,4362,0.3219871205151881,1.6476770316468992,True,{}
OPT-6.7B_1024_128_128/decode/QKV/SV_1088,5249,5238,-0.20956372642407795,1.1608816373217534,True,{}
OPT-13B_1024_128_128/decode/QKV/SV_1088,5249,5238,-0.20956372642407795,1.1608816373217534,True,{}
OPT-2.7B_128_1024_32/decode/QKV/QK_1151,4978,4962,-0.3214142225793526,-0.026898025274291193,True,{}
OPT-66B_1024_128_128/decode/QKV/SV_1088,5249,5238,-0.20956372642407795,1.1608816373217534,True,{}
OPT-6.7B_128_1024_32/decode/QKV/QK_1151,4978,4962,-0.3214142225793526,-0.026898025274291193,True,{}
OPT-13B_128_1024_32/decode/QKV/QK_1151,4978,4962,-0.3214142225793526,-0.026898025274291193,True,{}
OPT-66B_128_1024_32/decode/QKV/QK_1151,4978,4962,-0.3214142225793526,-0.026898025274291193,True,{}
OPT-2.7B_1024_128_128/decode/QKV/QK_1151,4978,4962,-0.3214142225793526,-0.026898025274291193,True,{}
OPT-6.7B_1024_128_128/decode/QKV/QK_1151,4978,4962,-0.3214142225793526,-0.026898025274291193,True,{}
OPT-13B_1024_128_128/decode/QKV/QK_1151,4978,4962,-0.3214142225793526,-0.026898025274291193,True,{}
OPT-2.7B_128_1024_32/decode/QKV/SV_1151,4348,4362,0.3219871205151881,1.6476770316468992,True,{}
OPT-66B_1024_128_128/decode/QKV/QK_1151,4978,4962,-0.3214142225793526,-0.026898025274291193,True,{}
OPT-6.7B_128_1024_32/decode/QKV/SV_1151,5249,5238,-0.20956372642407795,1.1608816373217534,True,{}
OPT-13B_128_1024_32/decode/QKV/SV_1151,5249,5238,-0.20956372642407795,1.1608816373217534,True,{}
OPT-2.7B_1024_128_128/decode/QKV/SV_1151,4348,4362,0.3219871205151881,1.6476770316468992,True,{}
OPT-66B_128_1024_32/decode/QKV/SV_1151,5249,5238,-0.20956372642407795,1.1608816373217534,True,{}
OPT-6.7B_1024_128_128/decode/QKV/SV_1151,5249,5238,-0.20956372642407795,1.1608816373217534,True,{}
OPT-13B_1024_128_128/decode/QKV/SV_1151,5249,5238,-0.20956372642407795,1.1608816373217534,True,{}
OPT-66B_1024_128_128/decode/QKV/SV_1151,5249,5238,-0.20956372642407795,1.1608816373217534,True,{}
